grvmoire,6d4247df-58bc-4fd2-97f4-36dbd14d6f5c
nireas570,38701a92-e386-4c96-b560-a392119e9d67
crazyowl101,d2a41fee-e9b9-4f3b-9186-163670815f95
dunspork,8968822d-a033-4631-866d-aa0b4cee649f
wackysack,efb06d6b-9c6c-4d8d-a50c-a2e34b3f44fc
kblxrealm,841a849f-0de9-453d-8f6e-740721a29489
kieran_del,1cc288ab-e0ba-4fba-8b1b-298405c62b31
ellis_s,e5602c69-1a8b-4589-910f-fc1805d7f5d7
guzmania,05e386d8-6dc9-4819-85b9-5cad6f81c1d3
meatpuck,5b941538-1bf8-411a-a312-0d45037d7883
dpatar,940092b0-8306-4ab6-a9b2-717c852d5728
hungryonmain,fe924442-49fa-4bc0-80b1-552a0b11bdb7
artemis1919,94b88200-6eee-4896-a911-b341cac6c570
cactusxkid,ece6041f-99c1-4658-ac91-7f4e93bea584
thederpdino,fa3aa171-6360-4e8c-8b88-c3c5d7844244
21blue64,87ceaf2d-bff2-4c04-a65b-e8856a4bf39b
vash133,3a8b392c-9989-4436-9e6a-8a05a2960517
beaniebubble,41798b05-ed5b-440e-8b46-70467e76efac
robot4gamer,437b689f-be99-4405-813e-43363f840c64
numeromoo,892d81ec-200d-47f5-b452-fe5dd6e436f2
wooooooooooooosh,45ec2ce8-7b23-4e9a-8ed0-6e5e9d67b6b9
paul7913,0e354104-dd64-49b9-92e3-65e1bb0fb5b2
